<?xml version="1.0" encoding="UTF-8" standalone="yes"?>
<addon id="plugin.video.pridetube"
       name="Pridetube (Adult/Gay)"
       version="1.0.7"
       provider-name="antigenx; based on Lubetube by flip387">
  <requires>
    <import addon="xbmc.python" version="2.0"/>
    <import addon="script.module.beautifulsoup" version="3.0.8"/>
  </requires>
  <extension point="xbmc.python.pluginsource"
            library="default.py">
        <provides>video</provides>
  </extension>
  <extension point="xbmc.addon.metadata">
    <summary>Watch videos from PrideTube.com</summary>
    <description>From PrideTube.com: We have thousands of completely free gay porn movies at Pride Tube. Our movies are updated EVERY HOUR to bring you the hottest and latest movies!

Based on flip387's LubeTube plugin, all credit goes to flip387 :)</description>
    <platform>all</platform>
  </extension>
</addon>
