<?xml version="1.0" encoding="UTF-8" standalone="yes"?>
<addon id="plugin.video.dclip"
	   name="Dclip"
	   version="1.0.2"
	   provider-name=" ">
  <extension point="xbmc.python.pluginsource"
			 library="default.py">
    	<provides>video</provides>
  </extension>
  <extension point="xbmc.addon.metadata">
    <summary>Adult(18+) videos from Deviantclip.com</summary>
    <description>Adult(18+) videos from Deviantclip.com</description>
    <platform>all</platform>
  </extension>
</addon>






