<?xml version="1.0" encoding="UTF-8" standalone="yes"?>
<addon id="plugin.video.largecamtube"
	   name="largecamtube"
	   version="1.2.2"
	   provider-name="moedje">
  <extension point="xbmc.python.pluginsource"
			 library="default.py">
    	<provides>video</provides>
  </extension>
  <extension point="xbmc.addon.metadata">
    <summary>Adult(18+) Gay videos from largecamtube.com</summary>
    <description>Adult(18+) videos from largecamtube.com</description>
    <platform>all</platform>
  </extension>
</addon>




